"filename", "language", "JavaScript", "XML", "CSS", "Markdown", "JSON", "JSON with Comments", "Prisma", "Ini", "comment", "blank", "total"
"c:\proj\README.md", "Markdown", 0, 0, 0, 21, 0, 0, 0, 0, 0, 14, 35
"c:\proj\desktop.ini", "Ini", 0, 0, 0, 0, 0, 0, 0, 2, 0, 1, 3
"c:\proj\jsconfig.json", "JSON with Comments", 0, 0, 0, 0, 0, 5, 0, 0, 0, 1, 6
"c:\proj\next.config.js", "JavaScript", 22, 0, 0, 0, 0, 0, 0, 0, 1, 2, 25
"c:\proj\package-lock.json", "JSON", 0, 0, 0, 0, 5523, 0, 0, 0, 0, 1, 5524
"c:\proj\package.json", "JSON", 0, 0, 0, 0, 46, 0, 0, 0, 0, 1, 47
"c:\proj\postcss.config.js", "JavaScript", 6, 0, 0, 0, 0, 0, 0, 0, 0, 1, 7
"c:\proj\prisma\schema.prisma", "Prisma", 0, 0, 0, 0, 0, 0, 374, 0, 13, 66, 453
"c:\proj\public\next.svg", "XML", 0, 1, 0, 0, 0, 0, 0, 0, 0, 0, 1
"c:\proj\public\vercel.svg", "XML", 0, 1, 0, 0, 0, 0, 0, 0, 0, 0, 1
"c:\proj\src\app\api\auth\[...nextauth]\route.js", "JavaScript", 41, 0, 0, 0, 0, 0, 0, 0, 1, 6, 48
"c:\proj\src\app\api\hr\verify\route.js", "JavaScript", 7, 0, 0, 0, 0, 0, 0, 0, 1, 3, 11
"c:\proj\src\app\auth\page.js", "JavaScript", 11, 0, 0, 0, 0, 0, 0, 0, 0, 4, 15
"c:\proj\src\app\auth\role\page.js", "JavaScript", 38, 0, 0, 0, 0, 0, 0, 0, 0, 9, 47
"c:\proj\src\app\auth\verify\page.js", "JavaScript", 25, 0, 0, 0, 0, 0, 0, 0, 0, 7, 32
"c:\proj\src\app\companyprofile\[id]\page.js", "JavaScript", 51, 0, 0, 0, 0, 0, 0, 0, 0, 12, 63
"c:\proj\src\app\companyprofile\createvacancy\page.js", "JavaScript", 17, 0, 0, 0, 0, 0, 0, 0, 0, 7, 24
"c:\proj\src\app\companyprofile\edit\page.js", "JavaScript", 43, 0, 0, 0, 0, 0, 0, 0, 0, 8, 51
"c:\proj\src\app\companyprofile\layout.js", "JavaScript", 22, 0, 0, 0, 0, 0, 0, 0, 0, 6, 28
"c:\proj\src\app\companyprofile\page.js", "JavaScript", 37, 0, 0, 0, 0, 0, 0, 0, 0, 8, 45
"c:\proj\src\app\error.js", "JavaScript", 57, 0, 0, 0, 0, 0, 0, 0, 0, 10, 67
"c:\proj\src\app\feed\[category]\loading.js", "JavaScript", 10, 0, 0, 0, 0, 0, 0, 0, 0, 4, 14
"c:\proj\src\app\feed\[category]\page.js", "JavaScript", 37, 0, 0, 0, 0, 0, 0, 0, 0, 8, 45
"c:\proj\src\app\feed\layout.js", "JavaScript", 32, 0, 0, 0, 0, 0, 0, 0, 0, 4, 36
"c:\proj\src\app\feed\loading.js", "JavaScript", 10, 0, 0, 0, 0, 0, 0, 0, 0, 4, 14
"c:\proj\src\app\feed\page.js", "JavaScript", 11, 0, 0, 0, 0, 0, 0, 0, 0, 5, 16
"c:\proj\src\app\feed\post\[id]\page.js", "JavaScript", 30, 0, 0, 0, 0, 0, 0, 0, 0, 8, 38
"c:\proj\src\app\feed\post\page.js", "JavaScript", 5, 0, 0, 0, 0, 0, 0, 0, 0, 3, 8
"c:\proj\src\app\globals.css", "CSS", 0, 0, 103, 0, 0, 0, 0, 0, 22, 21, 146
"c:\proj\src\app\hr\verify\[token]\page.js", "JavaScript", 0, 0, 0, 0, 0, 0, 0, 0, 0, 1, 1
"c:\proj\src\app\landing\page.js", "JavaScript", 5, 0, 0, 0, 0, 0, 0, 0, 0, 3, 8
"c:\proj\src\app\layout.js", "JavaScript", 35, 0, 0, 0, 0, 0, 0, 0, 0, 4, 39
"c:\proj\src\app\loading.js", "JavaScript", 10, 0, 0, 0, 0, 0, 0, 0, 0, 4, 14
"c:\proj\src\app\messenger\[chatId]\page.js", "JavaScript", 10, 0, 0, 0, 0, 0, 0, 0, 0, 4, 14
"c:\proj\src\app\messenger\layout.js", "JavaScript", 27, 0, 0, 0, 0, 0, 0, 0, 0, 7, 34
"c:\proj\src\app\messenger\page.js", "JavaScript", 11, 0, 0, 0, 0, 0, 0, 0, 0, 3, 14
"c:\proj\src\app\not-found.js", "JavaScript", 60, 0, 0, 0, 0, 0, 0, 0, 0, 11, 71
"c:\proj\src\app\page.js", "JavaScript", 3, 0, 0, 0, 0, 0, 0, 0, 0, 1, 4
"c:\proj\src\app\profile\[id]\page.js", "JavaScript", 58, 0, 0, 0, 0, 0, 0, 0, 0, 14, 72
"c:\proj\src\app\profile\edit\page.js", "JavaScript", 32, 0, 0, 0, 0, 0, 0, 0, 0, 8, 40
"c:\proj\src\app\profile\layout.js", "JavaScript", 24, 0, 0, 0, 0, 0, 0, 0, 0, 5, 29
"c:\proj\src\app\profile\page.js", "JavaScript", 42, 0, 0, 0, 0, 0, 0, 0, 0, 10, 52
"c:\proj\src\app\search\[category]\page.js", "JavaScript", 9, 0, 0, 0, 0, 0, 0, 0, 0, 4, 13
"c:\proj\src\app\search\layout.js", "JavaScript", 19, 0, 0, 0, 0, 0, 0, 0, 0, 3, 22
"c:\proj\src\app\search\loading.js", "JavaScript", 5, 0, 0, 0, 0, 0, 0, 0, 0, 3, 8
"c:\proj\src\app\search\page.js", "JavaScript", 11, 0, 0, 0, 0, 0, 0, 0, 0, 3, 14
"c:\proj\src\app\settings\layout.js", "JavaScript", 8, 0, 0, 0, 0, 0, 0, 0, 0, 2, 10
"c:\proj\src\app\settings\page.js", "JavaScript", 9, 0, 0, 0, 0, 0, 0, 0, 0, 3, 12
"c:\proj\src\app\subscriptions\layout.js", "JavaScript", 8, 0, 0, 0, 0, 0, 0, 0, 0, 2, 10
"c:\proj\src\app\subscriptions\page.js", "JavaScript", 12, 0, 0, 0, 0, 0, 0, 0, 0, 4, 16
"c:\proj\src\app\vacancy\[id]\layout.js", "JavaScript", 13, 0, 0, 0, 0, 0, 0, 0, 0, 3, 16
"c:\proj\src\app\vacancy\[id]\page.js", "JavaScript", 16, 0, 0, 0, 0, 0, 0, 0, 0, 5, 21
"c:\proj\src\app\vacancy\layout.js", "JavaScript", 19, 0, 0, 0, 0, 0, 0, 0, 0, 5, 24
"c:\proj\src\app\vacancy\page.js", "JavaScript", 15, 0, 0, 0, 0, 0, 0, 0, 0, 6, 21
"c:\proj\src\components\Edit\DropDownHandler.js", "JavaScript", 81, 0, 0, 0, 0, 0, 0, 0, 2, 8, 91
"c:\proj\src\components\Edit\EditLeft.js", "JavaScript", 181, 0, 0, 0, 0, 0, 0, 0, 9, 14, 204
"c:\proj\src\components\Edit\EditProfile.js", "JavaScript", 38, 0, 0, 0, 0, 0, 0, 0, 0, 8, 46
"c:\proj\src\components\Edit\EditRight.js", "JavaScript", 314, 0, 0, 0, 0, 0, 0, 0, 3, 24, 341
"c:\proj\src\components\Edit\Education.js", "JavaScript", 93, 0, 0, 0, 0, 0, 0, 0, 0, 7, 100
"c:\proj\src\components\Edit\SkillsModalContent.js", "JavaScript", 310, 0, 0, 0, 0, 0, 0, 0, 0, 27, 337
"c:\proj\src\components\Edit\SkillsModalVacs.js", "JavaScript", 328, 0, 0, 0, 0, 0, 0, 0, 0, 10, 338
"c:\proj\src\components\Edit\WorkExperience.js", "JavaScript", 119, 0, 0, 0, 0, 0, 0, 0, 0, 8, 127
"c:\proj\src\components\Profile\ConnectionsModal.js", "JavaScript", 178, 0, 0, 0, 0, 0, 0, 0, 3, 15, 196
"c:\proj\src\components\Profile\ContactsModal.js", "JavaScript", 262, 0, 0, 0, 0, 0, 0, 0, 4, 21, 287
"c:\proj\src\components\Profile\Left.js", "JavaScript", 342, 0, 0, 0, 0, 0, 0, 0, 17, 37, 396
"c:\proj\src\components\Profile\PitchesModal.js", "JavaScript", 176, 0, 0, 0, 0, 0, 0, 0, 0, 14, 190
"c:\proj\src\components\Profile\Profile.js", "JavaScript", 67, 0, 0, 0, 0, 0, 0, 0, 0, 8, 75
"c:\proj\src\components\Profile\ProfileBookmarks.js", "JavaScript", 71, 0, 0, 0, 0, 0, 0, 0, 0, 8, 79
"c:\proj\src\components\Profile\ProfileInfo.js", "JavaScript", 156, 0, 0, 0, 0, 0, 0, 0, 0, 11, 167
"c:\proj\src\components\Profile\ProfileLiked.js", "JavaScript", 90, 0, 0, 0, 0, 0, 0, 0, 0, 9, 99
"c:\proj\src\components\Profile\ProfilePosts.js", "JavaScript", 86, 0, 0, 0, 0, 0, 0, 0, 1, 10, 97
"c:\proj\src\components\Profile\Right.js", "JavaScript", 19, 0, 0, 0, 0, 0, 0, 0, 0, 5, 24
"c:\proj\src\components\Profile\UpdatesModal.js", "JavaScript", 150, 0, 0, 0, 0, 0, 0, 0, 0, 11, 161
"c:\proj\src\components\Profile\useWindowDimensions.js", "JavaScript", 27, 0, 0, 0, 0, 0, 0, 0, 0, 6, 33
"c:\proj\src\components\SessionProvider.js", "JavaScript", 3, 0, 0, 0, 0, 0, 0, 0, 0, 3, 6
"c:\proj\src\components\auth\AuthForm.js", "JavaScript", 61, 0, 0, 0, 0, 0, 0, 0, 1, 9, 71
"c:\proj\src\components\auth\AuthText.js", "JavaScript", 53, 0, 0, 0, 0, 0, 0, 0, 0, 9, 62
"c:\proj\src\components\company\CompanyInfo.js", "JavaScript", 94, 0, 0, 0, 0, 0, 0, 0, 0, 11, 105
"c:\proj\src\components\company\CompanyLeft.js", "JavaScript", 236, 0, 0, 0, 0, 0, 0, 0, 5, 20, 261
"c:\proj\src\components\company\CompanyProfile.js", "JavaScript", 42, 0, 0, 0, 0, 0, 0, 0, 18, 8, 68
"c:\proj\src\components\company\CompanyRight.js", "JavaScript", 17, 0, 0, 0, 0, 0, 0, 0, 0, 5, 22
"c:\proj\src\components\company\CompanyVacancies.js", "JavaScript", 71, 0, 0, 0, 0, 0, 0, 0, 0, 8, 79
"c:\proj\src\components\company\FollowersModal.js", "JavaScript", 176, 0, 0, 0, 0, 0, 0, 0, 6, 15, 197
"c:\proj\src\components\company\RecrutersModal.js", "JavaScript", 181, 0, 0, 0, 0, 0, 0, 0, 1, 15, 197
"c:\proj\src\components\companyedit\EditCompany.js", "JavaScript", 36, 0, 0, 0, 0, 0, 0, 0, 0, 7, 43
"c:\proj\src\components\companyedit\EditCompanyLeft.js", "JavaScript", 294, 0, 0, 0, 0, 0, 0, 0, 28, 16, 338
"c:\proj\src\components\companyedit\EditCompanyRight.js", "JavaScript", 201, 0, 0, 0, 0, 0, 0, 0, 7, 16, 224
"c:\proj\src\components\createvacancy\CreateVacancy.js", "JavaScript", 37, 0, 0, 0, 0, 0, 0, 0, 0, 8, 45
"c:\proj\src\components\createvacancy\CreateVacancyRight.js", "JavaScript", 541, 0, 0, 0, 0, 0, 0, 0, 1, 27, 569
"c:\proj\src\components\feed\CreatePostModal.js", "JavaScript", 354, 0, 0, 0, 0, 0, 0, 0, 30, 28, 412
"c:\proj\src\components\feed\Feed.js", "JavaScript", 64, 0, 0, 0, 0, 0, 0, 0, 0, 10, 74
"c:\proj\src\components\feed\FeedNav.js", "JavaScript", 68, 0, 0, 0, 0, 0, 0, 0, 0, 8, 76
"c:\proj\src\components\feed\FeedNavMobile.js", "JavaScript", 20, 0, 0, 0, 0, 0, 0, 0, 0, 7, 27
"c:\proj\src\components\feed\FeedWrap.js", "JavaScript", 43, 0, 0, 0, 0, 0, 0, 0, 3, 9, 55
"c:\proj\src\components\feed\MobilePostPage.js", "JavaScript", 172, 0, 0, 0, 0, 0, 0, 0, 2, 23, 197
"c:\proj\src\components\feed\ModalContext.js", "JavaScript", 48, 0, 0, 0, 0, 0, 0, 0, 0, 7, 55
"c:\proj\src\components\landing\LandingGearsComponents.js", "JavaScript", 191, 0, 0, 0, 0, 0, 0, 0, 0, 13, 204
"c:\proj\src\components\landing\LandingPage.js", "JavaScript", 19, 0, 0, 0, 0, 0, 0, 0, 0, 4, 23
"c:\proj\src\components\landing\WTF.js", "JavaScript", 30, 0, 0, 0, 0, 0, 0, 0, 0, 2, 32
"c:\proj\src\components\messenger\ChatInfo.js", "JavaScript", 36, 0, 0, 0, 0, 0, 0, 0, 0, 8, 44
"c:\proj\src\components\messenger\ChatParent.js", "JavaScript", 44, 0, 0, 0, 0, 0, 0, 0, 0, 11, 55
"c:\proj\src\components\messenger\Chats.js", "JavaScript", 369, 0, 0, 0, 0, 0, 0, 0, 4, 30, 403
"c:\proj\src\components\messenger\ChatsEmpty.js", "JavaScript", 17, 0, 0, 0, 0, 0, 0, 0, 0, 3, 20
"c:\proj\src\components\messenger\ChatsList.js", "JavaScript", 140, 0, 0, 0, 0, 0, 0, 0, 16, 19, 175
"c:\proj\src\components\messenger\ChatsPanel.js", "JavaScript", 490, 0, 0, 0, 0, 0, 0, 0, 9, 29, 528
"c:\proj\src\components\messenger\ListOfChats.js", "JavaScript", 135, 0, 0, 0, 0, 0, 0, 0, 4, 11, 150
"c:\proj\src\components\messenger\MesContextWrap.js", "JavaScript", 21, 0, 0, 0, 0, 0, 0, 0, 135, 23, 179
"c:\proj\src\components\messenger\MessageCart.js", "JavaScript", 102, 0, 0, 0, 0, 0, 0, 0, 3, 10, 115
"c:\proj\src\components\messenger\MessageItem.js", "JavaScript", 46, 0, 0, 0, 0, 0, 0, 0, 2, 5, 53
"c:\proj\src\components\messenger\Messenger.js", "JavaScript", 11, 0, 0, 0, 0, 0, 0, 0, 0, 3, 14
"c:\proj\src\components\messenger\MessengerContextWrap.js", "JavaScript", 65, 0, 0, 0, 0, 0, 0, 0, 1, 12, 78
"c:\proj\src\components\messenger\MessengerRight.js", "JavaScript", 332, 0, 0, 0, 0, 0, 0, 0, 35, 16, 383
"c:\proj\src\components\messenger\ReplyItem.js", "JavaScript", 77, 0, 0, 0, 0, 0, 0, 0, 1, 7, 85
"c:\proj\src\components\othersCompany\OthersCompanyLeft.js", "JavaScript", 319, 0, 0, 0, 0, 0, 0, 0, 16, 28, 363
"c:\proj\src\components\othersCompany\OthersCompanyWithNav.js", "JavaScript", 49, 0, 0, 0, 0, 0, 0, 0, 21, 7, 77
"c:\proj\src\components\othersPorfile\OthersContactsModal.js", "JavaScript", 64, 0, 0, 0, 0, 0, 0, 0, 0, 12, 76
"c:\proj\src\components\othersPorfile\OthersLeft.js", "JavaScript", 504, 0, 0, 0, 0, 0, 0, 0, 36, 35, 575
"c:\proj\src\components\othersPorfile\OthersProfileWithNav.js", "JavaScript", 74, 0, 0, 0, 0, 0, 0, 0, 0, 7, 81
"c:\proj\src\components\search\Companies.js", "JavaScript", 75, 0, 0, 0, 0, 0, 0, 0, 1, 10, 86
"c:\proj\src\components\search\CompanyFilter.js", "JavaScript", 73, 0, 0, 0, 0, 0, 0, 0, 0, 5, 78
"c:\proj\src\components\search\FiltersWrap.js", "JavaScript", 105, 0, 0, 0, 0, 0, 0, 0, 0, 11, 116
"c:\proj\src\components\search\MobileFilters.js", "JavaScript", 165, 0, 0, 0, 0, 0, 0, 0, 0, 14, 179
"c:\proj\src\components\search\PcFilters.js", "JavaScript", 148, 0, 0, 0, 0, 0, 0, 0, 0, 14, 162
"c:\proj\src\components\search\People.js", "JavaScript", 74, 0, 0, 0, 0, 0, 0, 0, 1, 10, 85
"c:\proj\src\components\search\PeopleFilter.js", "JavaScript", 131, 0, 0, 0, 0, 0, 0, 0, 0, 9, 140
"c:\proj\src\components\search\Search.js", "JavaScript", 24, 0, 0, 0, 0, 0, 0, 0, 0, 8, 32
"c:\proj\src\components\search\SearchNav.js", "JavaScript", 125, 0, 0, 0, 0, 0, 0, 0, 0, 13, 138
"c:\proj\src\components\search\SearchNavContext.js", "JavaScript", 80, 0, 0, 0, 0, 0, 0, 0, 0, 9, 89
"c:\proj\src\components\search\Vacancies.js", "JavaScript", 80, 0, 0, 0, 0, 0, 0, 0, 1, 10, 91
"c:\proj\src\components\search\VacancyFilter.js", "JavaScript", 163, 0, 0, 0, 0, 0, 0, 0, 0, 11, 174
"c:\proj\src\components\settings\Settings.js", "JavaScript", 131, 0, 0, 0, 0, 0, 0, 0, 0, 19, 150
"c:\proj\src\components\settings\SettingsBody.js", "JavaScript", 25, 0, 0, 0, 0, 0, 0, 0, 0, 6, 31
"c:\proj\src\components\subscriptions\Subscriptions.js", "JavaScript", 128, 0, 0, 0, 0, 0, 0, 0, 0, 15, 143
"c:\proj\src\components\vacancy\ReplyModal.js", "JavaScript", 249, 0, 0, 0, 0, 0, 0, 0, 2, 27, 278
"c:\proj\src\components\vacancy\VacancyLeft.js", "JavaScript", 136, 0, 0, 0, 0, 0, 0, 0, 0, 11, 147
"c:\proj\src\components\vacancy\VacancyPage.js", "JavaScript", 20, 0, 0, 0, 0, 0, 0, 0, 0, 6, 26
"c:\proj\src\components\vacancy\VacancyRight.js", "JavaScript", 193, 0, 0, 0, 0, 0, 0, 0, 0, 18, 211
"c:\proj\src\components\vacancy\VacancySubInfo.js", "JavaScript", 67, 0, 0, 0, 0, 0, 0, 0, 0, 3, 70
"c:\proj\src\layouts\AuthLayout.js", "JavaScript", 35, 0, 0, 0, 0, 0, 0, 0, 12, 7, 54
"c:\proj\src\layouts\Layout.js", "JavaScript", 50, 0, 0, 0, 0, 0, 0, 0, 6, 5, 61
"c:\proj\src\server\actions\addPost.js", "JavaScript", 87, 0, 0, 0, 0, 0, 0, 0, 0, 6, 93
"c:\proj\src\server\actions\bookmarks\addToBookmarks.js", "JavaScript", 28, 0, 0, 0, 0, 0, 0, 0, 0, 7, 35
"c:\proj\src\server\actions\bookmarks\fetchBookmarks.js", "JavaScript", 8, 0, 0, 0, 0, 0, 0, 0, 0, 4, 12
"c:\proj\src\server\actions\bookmarks\getUsersBookmarks.js", "JavaScript", 122, 0, 0, 0, 0, 0, 0, 0, 0, 7, 129
"c:\proj\src\server\actions\bookmarks\removeBookmark.js", "JavaScript", 22, 0, 0, 0, 0, 0, 0, 0, 0, 6, 28
"c:\proj\src\server\actions\companyFollowing\checkIfIFollowCompany.js", "JavaScript", 15, 0, 0, 0, 0, 0, 0, 0, 0, 5, 20
"c:\proj\src\server\actions\companyFollowing\followCompany.js", "JavaScript", 10, 0, 0, 0, 0, 0, 0, 0, 0, 2, 12
"c:\proj\src\server\actions\companyFollowing\unfollowCompany.js", "JavaScript", 10, 0, 0, 0, 0, 0, 0, 0, 0, 2, 12
"c:\proj\src\server\actions\company\createVacancy.js", "JavaScript", 54, 0, 0, 0, 0, 0, 0, 0, 0, 6, 60
"c:\proj\src\server\actions\company\createVacancyHandler.js", "JavaScript", 8, 0, 0, 0, 0, 0, 0, 0, 0, 5, 13
"c:\proj\src\server\actions\company\fetchCompanies.js", "JavaScript", 6, 0, 0, 0, 0, 0, 0, 0, 0, 4, 10
"c:\proj\src\server\actions\company\fetchCompanyVacancies.js", "JavaScript", 6, 0, 0, 0, 0, 0, 0, 0, 0, 4, 10
"c:\proj\src\server\actions\company\fetchVacancies.js", "JavaScript", 6, 0, 0, 0, 0, 0, 0, 0, 0, 4, 10
"c:\proj\src\server\actions\company\getBigCities.js", "JavaScript", 10, 0, 0, 0, 0, 0, 0, 0, 0, 4, 14
"c:\proj\src\server\actions\company\getCompanies.js", "JavaScript", 80, 0, 0, 0, 0, 0, 0, 0, 1, 5, 86
"c:\proj\src\server\actions\company\getCompany.js", "JavaScript", 63, 0, 0, 0, 0, 0, 0, 0, 7, 5, 75
"c:\proj\src\server\actions\company\getCompanyIndustries.js", "JavaScript", 10, 0, 0, 0, 0, 0, 0, 0, 0, 6, 16
"c:\proj\src\server\actions\company\getCompanyProfile.js", "JavaScript", 123, 0, 0, 0, 0, 0, 0, 0, 6, 3, 132
"c:\proj\src\server\actions\company\getCompanyVacancies.js", "JavaScript", 124, 0, 0, 0, 0, 0, 0, 0, 0, 6, 130
"c:\proj\src\server\actions\company\getVacancies.js", "JavaScript", 213, 0, 0, 0, 0, 0, 0, 0, 0, 11, 224
"c:\proj\src\server\actions\company\getVacancyById.js", "JavaScript", 139, 0, 0, 0, 0, 0, 0, 0, 0, 7, 146
"c:\proj\src\server\actions\company\updateCompanyProfile.js", "JavaScript", 53, 0, 0, 0, 0, 0, 0, 0, 59, 9, 121
"c:\proj\src\server\actions\connections\addConnection.js", "JavaScript", 50, 0, 0, 0, 0, 0, 0, 0, 0, 4, 54
"c:\proj\src\server\actions\connections\cancelFriendRequest.js", "JavaScript", 44, 0, 0, 0, 0, 0, 0, 0, 0, 5, 49
"c:\proj\src\server\actions\connections\checkIfFriend.js", "JavaScript", 15, 0, 0, 0, 0, 0, 0, 0, 0, 5, 20
"c:\proj\src\server\actions\connections\checkIfOtherSentRequest.js", "JavaScript", 15, 0, 0, 0, 0, 0, 0, 0, 0, 5, 20
"c:\proj\src\server\actions\connections\checkIfRequestSent.js", "JavaScript", 15, 0, 0, 0, 0, 0, 0, 0, 0, 5, 20
"c:\proj\src\server\actions\connections\declineFriendRequest.js", "JavaScript", 44, 0, 0, 0, 0, 0, 0, 0, 0, 5, 49
"c:\proj\src\server\actions\connections\fetchFollowers.js", "JavaScript", 6, 0, 0, 0, 0, 0, 0, 0, 1, 4, 11
"c:\proj\src\server\actions\connections\fetchGetFriendList.js", "JavaScript", 7, 0, 0, 0, 0, 0, 0, 0, 1, 4, 12
"c:\proj\src\server\actions\connections\fetchGetRecruters.js", "JavaScript", 7, 0, 0, 0, 0, 0, 0, 0, 1, 4, 12
"c:\proj\src\server\actions\connections\fetchGetUpdates.js", "JavaScript", 8, 0, 0, 0, 0, 0, 0, 0, 0, 4, 12
"c:\proj\src\server\actions\connections\getFollowers.js", "JavaScript", 65, 0, 0, 0, 0, 0, 0, 0, 7, 7, 79
"c:\proj\src\server\actions\connections\getFriendList.js", "JavaScript", 63, 0, 0, 0, 0, 0, 0, 0, 0, 9, 72
"c:\proj\src\server\actions\connections\getRecruters.js", "JavaScript", 68, 0, 0, 0, 0, 0, 0, 0, 0, 7, 75
"c:\proj\src\server\actions\connections\getUpdates.js", "JavaScript", 43, 0, 0, 0, 0, 0, 0, 0, 0, 6, 49
"c:\proj\src\server\actions\connections\removeConnection.js", "JavaScript", 14, 0, 0, 0, 0, 0, 0, 0, 0, 2, 16
"c:\proj\src\server\actions\connections\sendFriendRequest.js", "JavaScript", 28, 0, 0, 0, 0, 0, 0, 0, 0, 5, 33
"c:\proj\src\server\actions\contacts\addContacts.js", "JavaScript", 15, 0, 0, 0, 0, 0, 0, 0, 0, 4, 19
"c:\proj\src\server\actions\fetchPeople.js", "JavaScript", 6, 0, 0, 0, 0, 0, 0, 0, 0, 4, 10
"c:\proj\src\server\actions\finishRegistration.js", "JavaScript", 69, 0, 0, 0, 0, 0, 0, 0, 10, 7, 86
"c:\proj\src\server\actions\getAllSkills.js", "JavaScript", 19, 0, 0, 0, 0, 0, 0, 0, 0, 3, 22
"c:\proj\src\server\actions\getCitiesFromApi.js", "JavaScript", 23, 0, 0, 0, 0, 0, 0, 0, 0, 5, 28
"c:\proj\src\server\actions\getPeoples.js", "JavaScript", 132, 0, 0, 0, 0, 0, 0, 0, 2, 6, 140
"c:\proj\src\server\actions\getPostById.js", "JavaScript", 60, 0, 0, 0, 0, 0, 0, 0, 0, 6, 66
"c:\proj\src\server\actions\getPosts.js", "JavaScript", 91, 0, 0, 0, 0, 0, 0, 0, 0, 9, 100
"c:\proj\src\server\actions\getProfile.js", "JavaScript", 211, 0, 0, 0, 0, 0, 0, 0, 9, 8, 228
"c:\proj\src\server\actions\getRatedPosts.js", "JavaScript", 88, 0, 0, 0, 0, 0, 0, 0, 0, 7, 95
"c:\proj\src\server\actions\getUserPosts.js", "JavaScript", 93, 0, 0, 0, 0, 0, 0, 0, 0, 6, 99
"c:\proj\src\server\actions\hr\Email.js", "JavaScript", 11, 0, 0, 0, 0, 0, 0, 0, 0, 3, 14
"c:\proj\src\server\actions\hr\invite.js", "JavaScript", 61, 0, 0, 0, 0, 0, 0, 0, 5, 12, 78
"c:\proj\src\server\actions\hr\verify.js", "JavaScript", 23, 0, 0, 0, 0, 0, 0, 0, 0, 6, 29
"c:\proj\src\server\actions\inserts\insertAll.js", "JavaScript", 784, 0, 0, 0, 0, 0, 0, 0, 1, 55, 840
"c:\proj\src\server\actions\messenger\chechIfChatExist.js", "JavaScript", 21, 0, 0, 0, 0, 0, 0, 0, 0, 4, 25
"c:\proj\src\server\actions\messenger\checkCircles.js", "JavaScript", 176, 0, 0, 0, 0, 0, 0, 0, 0, 15, 191
"c:\proj\src\server\actions\messenger\checkIfCircles2.js", "JavaScript", 93, 0, 0, 0, 0, 0, 0, 0, 0, 10, 103
"c:\proj\src\server\actions\messenger\createChat.js", "JavaScript", 34, 0, 0, 0, 0, 0, 0, 0, 0, 7, 41
"c:\proj\src\server\actions\messenger\fetchChats.js", "JavaScript", 22, 0, 0, 0, 0, 0, 0, 0, 0, 5, 27
"c:\proj\src\server\actions\messenger\fetchMessages.js", "JavaScript", 32, 0, 0, 0, 0, 0, 0, 0, 1, 4, 37
"c:\proj\src\server\actions\messenger\getListOfChats.js", "JavaScript", 148, 0, 0, 0, 0, 0, 0, 0, 4, 13, 165
"c:\proj\src\server\actions\messenger\getMessages.js", "JavaScript", 119, 0, 0, 0, 0, 0, 0, 0, 10, 13, 142
"c:\proj\src\server\actions\messenger\getProfileByChatId.js", "JavaScript", 351, 0, 0, 0, 0, 0, 0, 0, 9, 14, 374
"c:\proj\src\server\actions\messenger\sendMessage.js", "JavaScript", 53, 0, 0, 0, 0, 0, 0, 0, 0, 12, 65
"c:\proj\src\server\actions\messenger\updateListOfChats.js", "JavaScript", 137, 0, 0, 0, 0, 0, 0, 0, 4, 14, 155
"c:\proj\src\server\actions\messenger\updateMessages.js", "JavaScript", 120, 0, 0, 0, 0, 0, 0, 0, 11, 13, 144
"c:\proj\src\server\actions\pitches\getPitchesCount.js", "JavaScript", 42, 0, 0, 0, 0, 0, 0, 0, 3, 9, 54
"c:\proj\src\server\actions\posts\deletePost.js", "JavaScript", 9, 0, 0, 0, 0, 0, 0, 0, 0, 2, 11
"c:\proj\src\server\actions\posts\deletePostHandler.js", "JavaScript", 5, 0, 0, 0, 0, 0, 0, 0, 0, 3, 8
"c:\proj\src\server\actions\posts\fetchCategorise.js", "JavaScript", 6, 0, 0, 0, 0, 0, 0, 0, 0, 4, 10
"c:\proj\src\server\actions\posts\getAllCategories.js", "JavaScript", 11, 0, 0, 0, 0, 0, 0, 0, 0, 3, 14
"c:\proj\src\server\actions\posts\getRated.js", "JavaScript", 8, 0, 0, 0, 0, 0, 0, 0, 0, 4, 12
"c:\proj\src\server\actions\profileTimer\getMyProfileInfoTimer.js", "JavaScript", 13, 0, 0, 0, 0, 0, 0, 0, 0, 5, 18
"c:\proj\src\server\actions\profileTimer\getOtherProfileWithTimer.js", "JavaScript", 33, 0, 0, 0, 0, 0, 0, 0, 0, 4, 37
"c:\proj\src\server\actions\reactOnPost.js", "JavaScript", 30, 0, 0, 0, 0, 0, 0, 0, 0, 5, 35
"c:\proj\src\server\actions\replyToVac\deleteFile.js", "JavaScript", 9, 0, 0, 0, 0, 0, 0, 0, 0, 3, 12
"c:\proj\src\server\actions\replyToVac\fetchFiles.js", "JavaScript", 8, 0, 0, 0, 0, 0, 0, 0, 0, 5, 13
"c:\proj\src\server\actions\replyToVac\getFiles.js", "JavaScript", 11, 0, 0, 0, 0, 0, 0, 0, 0, 4, 15
"c:\proj\src\server\actions\replyToVac\replyToVacancy.js", "JavaScript", 130, 0, 0, 0, 0, 0, 0, 0, 6, 13, 149
"c:\proj\src\server\actions\replyToVac\uploadFile.js", "JavaScript", 44, 0, 0, 0, 0, 0, 0, 0, 2, 9, 55
"c:\proj\src\server\actions\search\getEducationLevel.js", "JavaScript", 8, 0, 0, 0, 0, 0, 0, 0, 0, 4, 12
"c:\proj\src\server\actions\search\setFilters.js", "JavaScript", 5, 0, 0, 0, 0, 0, 0, 0, 0, 2, 7
"c:\proj\src\server\actions\subscriptions\getSubscriptions.js", "JavaScript", 21, 0, 0, 0, 0, 0, 0, 0, 0, 5, 26
"c:\proj\src\server\actions\updateProfile.js", "JavaScript", 41, 0, 0, 0, 0, 0, 0, 0, 0, 2, 43
"c:\proj\src\server\actions\uploadAvatar.js", "JavaScript", 27, 0, 0, 0, 0, 0, 0, 0, 2, 9, 38
"c:\proj\src\server\actions\uploadAvatarCompany.js", "JavaScript", 32, 0, 0, 0, 0, 0, 0, 0, 2, 10, 44
"c:\proj\src\server\actions\vacancy\fetchFiltersInfo.js", "JavaScript", 6, 0, 0, 0, 0, 0, 0, 0, 0, 4, 10
"c:\proj\src\server\actions\vacancy\fetchVacancyData.js", "JavaScript", 6, 0, 0, 0, 0, 0, 0, 0, 0, 4, 10
"c:\proj\src\server\actions\vacancy\getFiltersInfo.js", "JavaScript", 81, 0, 0, 0, 0, 0, 0, 0, 6, 7, 94
"c:\proj\src\server\actions\vacancy\getVacancyFields.js", "JavaScript", 52, 0, 0, 0, 0, 0, 0, 0, 0, 4, 56
"c:\proj\src\server\db.js", "JavaScript", 11, 0, 0, 0, 0, 0, 0, 0, 0, 4, 15
"c:\proj\src\shared\Text\TextCaption.js", "JavaScript", 5, 0, 0, 0, 0, 0, 0, 0, 0, 3, 8
"c:\proj\src\shared\Text\TextMain .js", "JavaScript", 12, 0, 0, 0, 0, 0, 0, 0, 0, 3, 15
"c:\proj\src\shared\Text\TextNav.js", "JavaScript", 19, 0, 0, 0, 0, 0, 0, 0, 0, 4, 23
"c:\proj\src\shared\Text\TextSecondary.js", "JavaScript", 12, 0, 0, 0, 0, 0, 0, 0, 0, 3, 15
"c:\proj\src\shared\icons\AddCityIcon.js", "JavaScript", 40, 0, 0, 0, 0, 0, 0, 0, 35, 3, 78
"c:\proj\src\shared\icons\AddFriendIcon.js", "JavaScript", 45, 0, 0, 0, 0, 0, 0, 0, 0, 2, 47
"c:\proj\src\shared\icons\AddVacancyIcon.js", "JavaScript", 37, 0, 0, 0, 0, 0, 0, 0, 0, 2, 39
"c:\proj\src\shared\icons\ArrowDown.js", "JavaScript", 25, 0, 0, 0, 0, 0, 0, 0, 0, 2, 27
"c:\proj\src\shared\icons\ArrowLeftIcon.js", "JavaScript", 29, 0, 0, 0, 0, 0, 0, 0, 0, 2, 31
"c:\proj\src\shared\icons\AvatarIcon.js", "JavaScript", 36, 0, 0, 0, 0, 0, 0, 0, 0, 3, 39
"c:\proj\src\shared\icons\BackArrow.js", "JavaScript", 29, 0, 0, 0, 0, 0, 0, 0, 0, 2, 31
"c:\proj\src\shared\icons\BellIcon.js", "JavaScript", 41, 0, 0, 0, 0, 0, 0, 0, 0, 2, 43
"c:\proj\src\shared\icons\BigLogoSvg.js", "JavaScript", 17, 0, 0, 0, 0, 0, 0, 0, 0, 2, 19
"c:\proj\src\shared\icons\BookmarkIcon.js", "JavaScript", 66, 0, 0, 0, 0, 0, 0, 0, 2, 7, 75
"c:\proj\src\shared\icons\CalendarIcon.js", "JavaScript", 49, 0, 0, 0, 0, 0, 0, 0, 0, 3, 52
"c:\proj\src\shared\icons\ChatReadStatus.js", "JavaScript", 15, 0, 0, 0, 0, 0, 0, 0, 0, 3, 18
"c:\proj\src\shared\icons\CheckIcon.js", "JavaScript", 20, 0, 0, 0, 0, 0, 0, 0, 0, 2, 22
"c:\proj\src\shared\icons\ClockIcon.js", "JavaScript", 29, 0, 0, 0, 0, 0, 0, 0, 0, 2, 31
"c:\proj\src\shared\icons\ClockWaitIcon.js", "JavaScript", 27, 0, 0, 0, 0, 0, 0, 0, 0, 2, 29
"c:\proj\src\shared\icons\ContactsIcon.js", "JavaScript", 48, 0, 0, 0, 0, 0, 0, 0, 0, 2, 50
"c:\proj\src\shared\icons\Cross.js", "JavaScript", 35, 0, 0, 0, 0, 0, 0, 0, 0, 3, 38
"c:\proj\src\shared\icons\Cross2.js", "JavaScript", 27, 0, 0, 0, 0, 0, 0, 0, 0, 2, 29
"c:\proj\src\shared\icons\CrossIcon.js", "JavaScript", 35, 0, 0, 0, 0, 0, 0, 0, 0, 2, 37
"c:\proj\src\shared\icons\CrossInCircleIcon.js", "JavaScript", 34, 0, 0, 0, 0, 0, 0, 0, 0, 2, 36
"c:\proj\src\shared\icons\DotsIcon.js", "JavaScript", 27, 0, 0, 0, 0, 0, 0, 0, 0, 2, 29
"c:\proj\src\shared\icons\DropDownCross.js", "JavaScript", 28, 0, 0, 0, 0, 0, 0, 0, 0, 2, 30
"c:\proj\src\shared\icons\DropDownIcon.js", "JavaScript", 21, 0, 0, 0, 0, 0, 0, 0, 0, 2, 23
"c:\proj\src\shared\icons\EyeIcon.js", "JavaScript", 29, 0, 0, 0, 0, 0, 0, 0, 0, 2, 31
"c:\proj\src\shared\icons\FilterIcon.js", "JavaScript", 55, 0, 0, 0, 0, 0, 0, 0, 0, 2, 57
"c:\proj\src\shared\icons\HomeIcon.js", "JavaScript", 31, 0, 0, 0, 0, 0, 0, 0, 0, 5, 36
"c:\proj\src\shared\icons\ImageIcon.js", "JavaScript", 28, 0, 0, 0, 0, 0, 0, 0, 0, 2, 30
"c:\proj\src\shared\icons\LittlePitchIcon.js", "JavaScript", 27, 0, 0, 0, 0, 0, 0, 0, 0, 2, 29
"c:\proj\src\shared\icons\LocationIcon.js", "JavaScript", 28, 0, 0, 0, 0, 0, 0, 0, 0, 3, 31
"c:\proj\src\shared\icons\MessageInCircleIcon.js", "JavaScript", 28, 0, 0, 0, 0, 0, 0, 0, 0, 2, 30
"c:\proj\src\shared\icons\MessengeIcon.js", "JavaScript", 30, 0, 0, 0, 0, 0, 0, 0, 0, 3, 33
"c:\proj\src\shared\icons\MessengerIcon.js", "JavaScript", 31, 0, 0, 0, 0, 0, 0, 0, 0, 5, 36
"c:\proj\src\shared\icons\MoonIcon.js", "JavaScript", 21, 0, 0, 0, 0, 0, 0, 0, 0, 2, 23
"c:\proj\src\shared\icons\NoteIcon.js", "JavaScript", 32, 0, 0, 0, 0, 0, 0, 0, 0, 2, 34
"c:\proj\src\shared\icons\NotifyIcon.js", "JavaScript", 29, 0, 0, 0, 0, 0, 0, 0, 0, 2, 31
"c:\proj\src\shared\icons\PenIcon.js", "JavaScript", 30, 0, 0, 0, 0, 0, 0, 0, 0, 3, 33
"c:\proj\src\shared\icons\PitchIcon.js", "JavaScript", 32, 0, 0, 0, 0, 0, 0, 0, 1, 3, 36
"c:\proj\src\shared\icons\PlusIcon.js", "JavaScript", 33, 0, 0, 0, 0, 0, 0, 0, 0, 2, 35
"c:\proj\src\shared\icons\PlusInCircleIcon.js", "JavaScript", 35, 0, 0, 0, 0, 0, 0, 0, 0, 2, 37
"c:\proj\src\shared\icons\ProfileIcon.js", "JavaScript", 171, 0, 0, 0, 0, 0, 0, 0, 1, 4, 176
"c:\proj\src\shared\icons\RecruterIcon.js", "JavaScript", 61, 0, 0, 0, 0, 0, 0, 0, 0, 2, 63
"c:\proj\src\shared\icons\RefreshIcon.js", "JavaScript", 57, 0, 0, 0, 0, 0, 0, 0, 0, 2, 59
"c:\proj\src\shared\icons\SearchIcon.js", "JavaScript", 42, 0, 0, 0, 0, 0, 0, 0, 0, 6, 48
"c:\proj\src\shared\icons\SearchInputIcon.js", "JavaScript", 17, 0, 0, 0, 0, 0, 0, 0, 0, 2, 19
"c:\proj\src\shared\icons\SendIcon.js", "JavaScript", 27, 0, 0, 0, 0, 0, 0, 0, 0, 2, 29
"c:\proj\src\shared\icons\SettingsIcon.js", "JavaScript", 30, 0, 0, 0, 0, 0, 0, 0, 0, 3, 33
"c:\proj\src\shared\icons\SunIcon.js", "JavaScript", 60, 0, 0, 0, 0, 0, 0, 0, 0, 2, 62
"c:\proj\src\shared\icons\SuperpitchIcon.js", "JavaScript", 60, 0, 0, 0, 0, 0, 0, 0, 0, 3, 63
"c:\proj\src\shared\icons\TrashIcon.js", "JavaScript", 75, 0, 0, 0, 0, 0, 0, 0, 0, 2, 77
"c:\proj\src\shared\icons\VkIcon.js", "JavaScript", 31, 0, 0, 0, 0, 0, 0, 0, 0, 2, 33
"c:\proj\src\shared\icons\feed\CreateNoteIcon.js", "JavaScript", 31, 0, 0, 0, 0, 0, 0, 0, 0, 2, 33
"c:\proj\src\shared\icons\feed\EducationIcon.svg", "XML", 0, 9, 0, 0, 0, 0, 0, 0, 0, 1, 10
"c:\proj\src\shared\icons\feed\ForYouIcon.svg", "XML", 0, 9, 0, 0, 0, 0, 0, 0, 0, 1, 10
"c:\proj\src\shared\icons\feed\OfftopIcon.svg", "XML", 0, 9, 0, 0, 0, 0, 0, 0, 0, 1, 10
"c:\proj\src\shared\icons\landing\BgText.js", "JavaScript", 12980, 0, 0, 0, 0, 0, 0, 0, 0, 2, 12982
"c:\proj\src\shared\icons\landing\BgText.svg", "XML", 0, 3249, 0, 0, 0, 0, 0, 0, 0, 1, 3250
"c:\proj\src\shared\icons\reactions\BigThumb.js", "JavaScript", 31, 0, 0, 0, 0, 0, 0, 0, 0, 2, 33
"c:\proj\src\shared\icons\reactions\BlowMyMind.js", "JavaScript", 31, 0, 0, 0, 0, 0, 0, 0, 0, 2, 33
"c:\proj\src\shared\icons\reactions\Clown.js", "JavaScript", 31, 0, 0, 0, 0, 0, 0, 0, 0, 2, 33
"c:\proj\src\shared\icons\reactions\Cry.js", "JavaScript", 31, 0, 0, 0, 0, 0, 0, 0, 0, 2, 33
"c:\proj\src\shared\icons\reactions\Fire.js", "JavaScript", 31, 0, 0, 0, 0, 0, 0, 0, 0, 2, 33
"c:\proj\src\shared\icons\reactions\Smile.js", "JavaScript", 31, 0, 0, 0, 0, 0, 0, 0, 0, 2, 33
"c:\proj\src\shared\icons\reactions\ThumbDown.js", "JavaScript", 31, 0, 0, 0, 0, 0, 0, 0, 0, 2, 33
"c:\proj\src\shared\icons\reactions\big_thumb.svg", "XML", 0, 9, 0, 0, 0, 0, 0, 0, 0, 1, 10
"c:\proj\src\shared\icons\reactions\blow_my_mind.svg", "XML", 0, 9, 0, 0, 0, 0, 0, 0, 0, 1, 10
"c:\proj\src\shared\icons\reactions\clown.svg", "XML", 0, 9, 0, 0, 0, 0, 0, 0, 0, 1, 10
"c:\proj\src\shared\icons\reactions\cry.svg", "XML", 0, 9, 0, 0, 0, 0, 0, 0, 0, 1, 10
"c:\proj\src\shared\icons\reactions\fire.svg", "XML", 0, 9, 0, 0, 0, 0, 0, 0, 0, 1, 10
"c:\proj\src\shared\icons\reactions\smile.svg", "XML", 0, 9, 0, 0, 0, 0, 0, 0, 0, 1, 10
"c:\proj\src\shared\icons\reactions\thumb_down.svg", "XML", 0, 9, 0, 0, 0, 0, 0, 0, 0, 1, 10
"c:\proj\src\shared\ui\BottomModal.js", "JavaScript", 52, 0, 0, 0, 0, 0, 0, 0, 0, 8, 60
"c:\proj\src\shared\ui\BottomNav.js", "JavaScript", 38, 0, 0, 0, 0, 0, 0, 0, 0, 9, 47
"c:\proj\src\shared\ui\Button.js", "JavaScript", 252, 0, 0, 0, 0, 0, 0, 0, 0, 24, 276
"c:\proj\src\shared\ui\Card.js", "JavaScript", 14, 0, 0, 0, 0, 0, 0, 0, 0, 2, 16
"c:\proj\src\shared\ui\CheckBox.js", "JavaScript", 36, 0, 0, 0, 0, 0, 0, 0, 0, 2, 38
"c:\proj\src\shared\ui\CircularProggressBar.js", "JavaScript", 49, 0, 0, 0, 0, 0, 0, 0, 0, 3, 52
"c:\proj\src\shared\ui\CompanyCard.js", "JavaScript", 51, 0, 0, 0, 0, 0, 0, 0, 0, 8, 59
"c:\proj\src\shared\ui\ConnectionCard.js", "JavaScript", 134, 0, 0, 0, 0, 0, 0, 0, 23, 12, 169
"c:\proj\src\shared\ui\CustomLoader.js", "JavaScript", 23, 0, 0, 0, 0, 0, 0, 0, 0, 4, 27
"c:\proj\src\shared\ui\DropDown.js", "JavaScript", 107, 0, 0, 0, 0, 0, 0, 0, 0, 13, 120
"c:\proj\src\shared\ui\DropDownItem.js", "JavaScript", 18, 0, 0, 0, 0, 0, 0, 0, 0, 2, 20
"c:\proj\src\shared\ui\DropDownWithChoise.js", "JavaScript", 142, 0, 0, 0, 0, 0, 0, 0, 2, 7, 151
"c:\proj\src\shared\ui\DropDownWithSearch.js", "JavaScript", 102, 0, 0, 0, 0, 0, 0, 0, 1, 7, 110
"c:\proj\src\shared\ui\EmptyAvatar.js", "JavaScript", 239, 0, 0, 0, 0, 0, 0, 0, 0, 6, 245
"c:\proj\src\shared\ui\Fab.js", "JavaScript", 12, 0, 0, 0, 0, 0, 0, 0, 0, 3, 15
"c:\proj\src\shared\ui\FullPostModal.js", "JavaScript", 127, 0, 0, 0, 0, 0, 0, 0, 5, 13, 145
"c:\proj\src\shared\ui\Header.js", "JavaScript", 35, 0, 0, 0, 0, 0, 0, 0, 0, 9, 44
"c:\proj\src\shared\ui\Input.js", "JavaScript", 202, 0, 0, 0, 0, 0, 0, 0, 0, 18, 220
"c:\proj\src\shared\ui\MobileHeader.js", "JavaScript", 43, 0, 0, 0, 0, 0, 0, 0, 0, 7, 50
"c:\proj\src\shared\ui\MobileModal.js", "JavaScript", 49, 0, 0, 0, 0, 0, 0, 0, 0, 4, 53
"c:\proj\src\shared\ui\Modal.js", "JavaScript", 61, 0, 0, 0, 0, 0, 0, 0, 2, 5, 68
"c:\proj\src\shared\ui\NavigationMobile.js", "JavaScript", 81, 0, 0, 0, 0, 0, 0, 0, 3, 8, 92
"c:\proj\src\shared\ui\NavigationPc.js", "JavaScript", 64, 0, 0, 0, 0, 0, 0, 0, 0, 7, 71
"c:\proj\src\shared\ui\PeopleCard.js", "JavaScript", 80, 0, 0, 0, 0, 0, 0, 0, 1, 9, 90
"c:\proj\src\shared\ui\PicReaction.js", "JavaScript", 52, 0, 0, 0, 0, 0, 0, 0, 2, 7, 61
"c:\proj\src\shared\ui\PicSkillCard.js", "JavaScript", 38, 0, 0, 0, 0, 0, 0, 0, 0, 5, 43
"c:\proj\src\shared\ui\Post.js", "JavaScript", 198, 0, 0, 0, 0, 0, 0, 0, 3, 19, 220
"c:\proj\src\shared\ui\PostBottomModalContent.js", "JavaScript", 28, 0, 0, 0, 0, 0, 0, 0, 0, 4, 32
"c:\proj\src\shared\ui\PostDropDown.js", "JavaScript", 85, 0, 0, 0, 0, 0, 0, 0, 0, 11, 96
"c:\proj\src\shared\ui\Reaction.js", "JavaScript", 49, 0, 0, 0, 0, 0, 0, 0, 3, 6, 58
"c:\proj\src\shared\ui\SkillCard.js", "JavaScript", 49, 0, 0, 0, 0, 0, 0, 0, 1, 4, 54
"c:\proj\src\shared\ui\UpploadAvatarModal.js", "JavaScript", 21, 0, 0, 0, 0, 0, 0, 0, 32, 4, 57
"c:\proj\src\shared\ui\VacancyCard.js", "JavaScript", 146, 0, 0, 0, 0, 0, 0, 0, 1, 10, 157
"c:\proj\src\shared\utils\generateNames.js", "JavaScript", 96, 0, 0, 0, 0, 0, 0, 0, 0, 3, 99
"c:\proj\tailwind.config.js", "JavaScript", 20, 0, 0, 0, 0, 0, 0, 0, 1, 1, 22
"Total", "-", 35574, 3341, 103, 21, 5569, 5, 374, 2, 774, 2434, 48197